INSERT INTO SCRIPTS(CHANNEL_ID, GUILD_ID, SCRIPT_NAME, DELETED, CREATED_AT) VALUES (271476503039049749, 271476503039049749, '', false, now() );
INSERT INTO SCRIPTS(CHANNEL_ID, GUILD_ID, SCRIPT_NAME, DELETED, CREATED_AT) VALUES (271476503039049749, 271476503039049749, 'greeting', false, now() );
INSERT INTO SCRIPTS(CHANNEL_ID, GUILD_ID, SCRIPT_NAME, DELETED, CREATED_AT) VALUES (271476503039049749, 271476503039049749, 'rating', false, now() );
INSERT INTO SCRIPTS(CHANNEL_ID, GUILD_ID, SCRIPT_NAME, DELETED, CREATED_AT) VALUES (271476503039049749, 271476503039049749, 'bruh', false, now() );
INSERT INTO SCRIPTS(CHANNEL_ID, GUILD_ID, SCRIPT_NAME, DELETED, CREATED_AT) VALUES (271476503039049749, 271476503039049749, 'eightball', false, now() );
INSERT INTO SCRIPTS(CHANNEL_ID, GUILD_ID, SCRIPT_NAME, DELETED, CREATED_AT) VALUES (271476503039049749, 271476503039049749, 'fortune', false, now() );

INSERT INTO TRIGGERS(DELETED, TEXT, CREATED_AT) VALUES (false, '', now());
INSERT INTO TRIGGERS(DELETED, TEXT, CREATED_AT) VALUES (false, 'greeting', now());
INSERT INTO TRIGGERS(DELETED, TEXT, CREATED_AT) VALUES (false, 'rating', now());
INSERT INTO TRIGGERS(DELETED, TEXT, CREATED_AT) VALUES (false, 'bruh', now());
INSERT INTO TRIGGERS(DELETED, TEXT, CREATED_AT) VALUES (false, 'eightball', now());
INSERT INTO TRIGGERS(DELETED, TEXT, CREATED_AT) VALUES (false, 'fortune', now());

INSERT INTO SCRIPTS_TRIGGERS(SCRIPTS_ID, TRIGGERS_ID) VALUES (101, 1);
INSERT INTO SCRIPTS_TRIGGERS(SCRIPTS_ID, TRIGGERS_ID) VALUES (102, 2);
INSERT INTO SCRIPTS_TRIGGERS(SCRIPTS_ID, TRIGGERS_ID) VALUES (103, 3);
INSERT INTO SCRIPTS_TRIGGERS(SCRIPTS_ID, TRIGGERS_ID) VALUES (104, 4);
INSERT INTO SCRIPTS_TRIGGERS(SCRIPTS_ID, TRIGGERS_ID) VALUES (105, 5);
INSERT INTO SCRIPTS_TRIGGERS(SCRIPTS_ID, TRIGGERS_ID) VALUES (106, 6);

INSERT INTO RESPONSES(TEXT, RECENT_USE_INDICATOR, PROBABILITY, DELETED, CREATED_AT) VALUES( '<:Bruh:522232295307083777>', false, 100, false, now() );
INSERT INTO RESPONSES(TEXT, RECENT_USE_INDICATOR, PROBABILITY, DELETED, CREATED_AT) VALUES( '<:pepehands:425377871498838016>', false,  100  , false, now() );
INSERT INTO RESPONSES(TEXT, RECENT_USE_INDICATOR, PROBABILITY, DELETED, CREATED_AT) VALUES( 'Its just kinda hard to play when we don''t communicate at all', false,  100  , false, now() );
INSERT INTO RESPONSES(TEXT, RECENT_USE_INDICATOR, PROBABILITY, DELETED, CREATED_AT) VALUES( 'Alpacas not that good. he''s ok. he doesn''t play that many heroes though', false,  100  , false, now() );
INSERT INTO RESPONSES(TEXT, RECENT_USE_INDICATOR, PROBABILITY, DELETED, CREATED_AT) VALUES( 'I fucking hate potato farmer. he''s such a smug piece of shit', false,  100  , false, now() );
INSERT INTO RESPONSES(TEXT, RECENT_USE_INDICATOR, PROBABILITY, DELETED, CREATED_AT) VALUES( 'Noahs just kind of a dick', false,  100  , false, now() );
INSERT INTO RESPONSES(TEXT, RECENT_USE_INDICATOR, PROBABILITY, DELETED, CREATED_AT) VALUES( 'Losing to shitters. Feels weird man', false,  100  , false, now() );
INSERT INTO RESPONSES(TEXT, RECENT_USE_INDICATOR, PROBABILITY, DELETED, CREATED_AT) VALUES( 'Im mega farmed', false,  100  , false, now() );
INSERT INTO RESPONSES(TEXT, RECENT_USE_INDICATOR, PROBABILITY, DELETED, CREATED_AT) VALUES( 'Im omega farmed', false,  100  , false, now() );
INSERT INTO RESPONSES(TEXT, RECENT_USE_INDICATOR, PROBABILITY, DELETED, CREATED_AT) VALUES( '<:Chimping:522239065853263882>', false,  100  , false, now() );
INSERT INTO RESPONSES(TEXT, RECENT_USE_INDICATOR, PROBABILITY, DELETED, CREATED_AT) VALUES( 'You baboon!', false,  100  , false, now() );
INSERT INTO RESPONSES(TEXT, RECENT_USE_INDICATOR, PROBABILITY, DELETED, CREATED_AT) VALUES( 'I dont know what my team was doing', false,  100  , false, now() );
INSERT INTO RESPONSES(TEXT, RECENT_USE_INDICATOR, PROBABILITY, DELETED, CREATED_AT) VALUES( 'No one pressed their buttons', false,  100  , false, now() );
INSERT INTO RESPONSES(TEXT, RECENT_USE_INDICATOR, PROBABILITY, DELETED, CREATED_AT) VALUES( '<:ThatsTheSpirit:522412809020243990>', false,  100  , false, now() );
INSERT INTO RESPONSES(TEXT, RECENT_USE_INDICATOR, PROBABILITY, DELETED, CREATED_AT) VALUES( 'Can we get help guys? Help?!', false,  100  , false, now() );
INSERT INTO RESPONSES(TEXT, RECENT_USE_INDICATOR, PROBABILITY, DELETED, CREATED_AT) VALUES( 'We can''t whiff the chrono like that', false,  100  , false, now() );
INSERT INTO RESPONSES(TEXT, RECENT_USE_INDICATOR, PROBABILITY, DELETED, CREATED_AT) VALUES( 'The grimstroke ult just fucks me', false,  100  , false, now() );
INSERT INTO RESPONSES(TEXT, RECENT_USE_INDICATOR, PROBABILITY, DELETED, CREATED_AT) VALUES( 'Can we fight here?', false,  100  , false, now() );
INSERT INTO RESPONSES(TEXT, RECENT_USE_INDICATOR, PROBABILITY, DELETED, CREATED_AT) VALUES( 'Your itemization is just kind of game losing', false,  100  , false, now() );
INSERT INTO RESPONSES(TEXT, RECENT_USE_INDICATOR, PROBABILITY, DELETED, CREATED_AT) VALUES( 'Team was shit', false,  100  , false, now() );
INSERT INTO RESPONSES(TEXT, RECENT_USE_INDICATOR, PROBABILITY, DELETED, CREATED_AT) VALUES( 'Whole team was too heavy', false,  100  , false, now() );
INSERT INTO RESPONSES(TEXT, RECENT_USE_INDICATOR, PROBABILITY, DELETED, CREATED_AT) VALUES( 'Why are all these Chinese players abusing ranked roles', false,  100  , false, now() );
INSERT INTO RESPONSES(TEXT, RECENT_USE_INDICATOR, PROBABILITY, DELETED, CREATED_AT) VALUES( 'Our picks are so USELESS', false,  100  , false, now() );
INSERT INTO RESPONSES(TEXT, RECENT_USE_INDICATOR, PROBABILITY, DELETED, CREATED_AT) VALUES( 'Nothing tilts me more than when people don''t LISTEN', false,  100  , false, now() );
INSERT INTO RESPONSES(TEXT, RECENT_USE_INDICATOR, PROBABILITY, DELETED, CREATED_AT) VALUES( '[11:08 PM] Matieu: Riles has been banned from Seasons 16 & 17 of RD2L due to abandoning his Season 15 team on top of his previous toxicity issues.', false,  100  , false, now() );
INSERT INTO RESPONSES(TEXT, RECENT_USE_INDICATOR, PROBABILITY, DELETED, CREATED_AT) VALUES( 'Attention all dota gamers: Paradise is in great danger, and he needs your help to wipe all the elite China stacks in the ranked roles queue. But to do This, he needs a militia of reddit up voters, and armed reinforcements on chinese territory. To help him, all he needs is your simple participation in upvoting his reddit post, to help further paradise gather an elite group of armed dota gamers to infiltrate and assassinate the chinese abusers. But, you gotta be quick so that Paradise can destroy the Chinese ranked role queuers...... AND MAKE IMMORTAL SOLO Q GREAT AGAIN', false,  100  , false, now() );
INSERT INTO RESPONSES(TEXT, RECENT_USE_INDICATOR, PROBABILITY, DELETED, CREATED_AT) VALUES( 'Any devilesk fans here?', false,  100  , false, now() );
INSERT INTO RESPONSES(TEXT, RECENT_USE_INDICATOR, PROBABILITY, DELETED, CREATED_AT) VALUES( 'Im deleting the discord at midnight', false,  100  , false, now() );
INSERT INTO RESPONSES(TEXT, RECENT_USE_INDICATOR, PROBABILITY, DELETED, CREATED_AT) VALUES( 'Duckie, why are you level 7 at 18 minutes!', false,  100  , false, now() );
INSERT INTO RESPONSES(TEXT, RECENT_USE_INDICATOR, PROBABILITY, DELETED, CREATED_AT) VALUES( 'DO SOMETHING!', false,  100  , false, now() );
INSERT INTO RESPONSES(TEXT, RECENT_USE_INDICATOR, PROBABILITY, DELETED, CREATED_AT) VALUES( 'BABOONS', false,  100  , false, now() );
INSERT INTO RESPONSES(TEXT, RECENT_USE_INDICATOR, PROBABILITY, DELETED, CREATED_AT) VALUES( 'Literally all u have to do is listen to me and we win the game', false,  100  , false, now() );
INSERT INTO RESPONSES(TEXT, RECENT_USE_INDICATOR, PROBABILITY, DELETED, CREATED_AT) VALUES( 'Why dont u just listen devilesk', false,  100  , false, now() );
INSERT INTO RESPONSES(TEXT, RECENT_USE_INDICATOR, PROBABILITY, DELETED, CREATED_AT) VALUES( 'If we just listened to me this game would have been easy', false,  100  , false, now() );
INSERT INTO RESPONSES(TEXT, RECENT_USE_INDICATOR, PROBABILITY, DELETED, CREATED_AT) VALUES( 'WHY are you saying careful sir?? WHAT do I need to be careful of', false,  100  , false, now() );
INSERT INTO RESPONSES(TEXT, RECENT_USE_INDICATOR, PROBABILITY, DELETED, CREATED_AT) VALUES( 'Im just going to miss FUCKING UPHILL everytime', false,  100  , false, now() );
INSERT INTO RESPONSES(TEXT, RECENT_USE_INDICATOR, PROBABILITY, DELETED, CREATED_AT) VALUES( 'Stop body blocking me', false,  100  , false, now() );
INSERT INTO RESPONSES(TEXT, RECENT_USE_INDICATOR, PROBABILITY, DELETED, CREATED_AT) VALUES( 'Where is my team?', false,  100  , false, now() );
INSERT INTO RESPONSES(TEXT, RECENT_USE_INDICATOR, PROBABILITY, DELETED, CREATED_AT) VALUES( 'zr always has the most interesting item choices', false,  100  , false, now() );
INSERT INTO RESPONSES(TEXT, RECENT_USE_INDICATOR, PROBABILITY, DELETED, CREATED_AT) VALUES( 'If you were there he dies', false,  100  , false, now() );
INSERT INTO RESPONSES(TEXT, RECENT_USE_INDICATOR, PROBABILITY, DELETED, CREATED_AT) VALUES( 'We''re not communicating well', false,  100  , false, now() );
INSERT INTO RESPONSES(TEXT, RECENT_USE_INDICATOR, PROBABILITY, DELETED, CREATED_AT) VALUES( 'We have like no vision', false,  100  , false, now() );
INSERT INTO RESPONSES(TEXT, RECENT_USE_INDICATOR, PROBABILITY, DELETED, CREATED_AT) VALUES( 'We''re not making any moves together', false,  100  , false, now() );
INSERT INTO RESPONSES(TEXT, RECENT_USE_INDICATOR, PROBABILITY, DELETED, CREATED_AT) VALUES( 'We can fight them though', false,  100  , false, now() );
INSERT INTO RESPONSES(TEXT, RECENT_USE_INDICATOR, PROBABILITY, DELETED, CREATED_AT) VALUES( 'Are you stupid?', false,  100  , false, now() );
INSERT INTO RESPONSES(TEXT, RECENT_USE_INDICATOR, PROBABILITY, DELETED, CREATED_AT) VALUES( 'This guys good', false,  100  , false, now() );
INSERT INTO RESPONSES(TEXT, RECENT_USE_INDICATOR, PROBABILITY, DELETED, CREATED_AT) VALUES( 'Man up', false,  100  , false, now() );
INSERT INTO RESPONSES(TEXT, RECENT_USE_INDICATOR, PROBABILITY, DELETED, CREATED_AT) VALUES( 'That was a pussy move', false,  100  , false, now() );
INSERT INTO RESPONSES(TEXT, RECENT_USE_INDICATOR, PROBABILITY, DELETED, CREATED_AT) VALUES( 'QuikSnoopy is live.', false,  100  , false, now() );
INSERT INTO RESPONSES(TEXT, RECENT_USE_INDICATOR, PROBABILITY, DELETED, CREATED_AT) VALUES( 'I''m actually quite farmed this game', false,  100  , false, now() );
INSERT INTO RESPONSES(TEXT, RECENT_USE_INDICATOR, PROBABILITY, DELETED, CREATED_AT) VALUES( 'pUHHHlease', false,  100  , false, now() );
INSERT INTO RESPONSES(TEXT, RECENT_USE_INDICATOR, PROBABILITY, DELETED, CREATED_AT) VALUES( 'twitch.tv/trymydick', false,  100  , false, now() );
INSERT INTO RESPONSES(TEXT, RECENT_USE_INDICATOR, PROBABILITY, DELETED, CREATED_AT) VALUES( 'I want to touch your brain', false,  100  , false, now() );
INSERT INTO RESPONSES(TEXT, RECENT_USE_INDICATOR, PROBABILITY, DELETED, CREATED_AT) VALUES( 'FORN GOD', false,  100  , false, now() );
INSERT INTO RESPONSES(TEXT, RECENT_USE_INDICATOR, PROBABILITY, DELETED, CREATED_AT) VALUES( 'Devilesk what the fuck are you doing?', false,  100  , false, now() );
INSERT INTO RESPONSES(TEXT, RECENT_USE_INDICATOR, PROBABILITY, DELETED, CREATED_AT) VALUES( 'Eliterock', false,  100  , false, now() );
INSERT INTO RESPONSES(TEXT, RECENT_USE_INDICATOR, PROBABILITY, DELETED, CREATED_AT) VALUES( 'Dwayne "Erock" Johnson', false,  100  , false, now() );
INSERT INTO RESPONSES(TEXT, RECENT_USE_INDICATOR, PROBABILITY, DELETED, CREATED_AT) VALUES( 'FUCK MR CLEAN', false,  100  , false, now() );
INSERT INTO RESPONSES(TEXT, RECENT_USE_INDICATOR, PROBABILITY, DELETED, CREATED_AT) VALUES( 'Make Tom Great Again', false,  100  , false, now() );
INSERT INTO RESPONSES(TEXT, RECENT_USE_INDICATOR, PROBABILITY, DELETED, CREATED_AT) VALUES( 'Fuck Tomb', false,  100  , false, now() );
INSERT INTO RESPONSES(TEXT, RECENT_USE_INDICATOR, PROBABILITY, DELETED, CREATED_AT) VALUES( 'kame haming', false,  100  , false, now() );
INSERT INTO RESPONSES(TEXT, RECENT_USE_INDICATOR, PROBABILITY, DELETED, CREATED_AT) VALUES( 'antipasti', false,  100  , false, now() );
INSERT INTO RESPONSES(TEXT, RECENT_USE_INDICATOR, PROBABILITY, DELETED, CREATED_AT) VALUES( 'I want to take you to... funkytown', false,  100  , false, now() );
INSERT INTO RESPONSES(TEXT, RECENT_USE_INDICATOR, PROBABILITY, DELETED, CREATED_AT) VALUES( '<:Chimping:522239065853263882>', false, 100, false, now() );
INSERT INTO RESPONSES(TEXT, RECENT_USE_INDICATOR, PROBABILITY, DELETED, CREATED_AT) VALUES( 'You baboon!', false, 100, false, now() );
INSERT INTO RESPONSES(TEXT, RECENT_USE_INDICATOR, PROBABILITY, DELETED, CREATED_AT) VALUES( 'Chimpanzee', false, 5, false, now() );
INSERT INTO RESPONSES(TEXT, RECENT_USE_INDICATOR, PROBABILITY, DELETED, CREATED_AT) VALUES( 'Gorilla', false, 5, false, now() );
INSERT INTO RESPONSES(TEXT, RECENT_USE_INDICATOR, PROBABILITY, DELETED, CREATED_AT) VALUES( 'Orangutan', false, 5, false , now() );
INSERT INTO RESPONSES(TEXT, RECENT_USE_INDICATOR, PROBABILITY, DELETED, CREATED_AT) VALUES( 'Baboon', false, 5, false , now() );
INSERT INTO RESPONSES(TEXT, RECENT_USE_INDICATOR, PROBABILITY, DELETED, CREATED_AT) VALUES( 'Rank 600, but only in the laning phase', false, 5, false , now() );
INSERT INTO RESPONSES(TEXT, RECENT_USE_INDICATOR, PROBABILITY, DELETED, CREATED_AT) VALUES( 'Herald {{random:1,5}}', false, 100, false , now() );
INSERT INTO RESPONSES(TEXT, RECENT_USE_INDICATOR, PROBABILITY, DELETED, CREATED_AT) VALUES( 'Guardian {{random:1,5}}', false, 100, false , now() );
INSERT INTO RESPONSES(TEXT, RECENT_USE_INDICATOR, PROBABILITY, DELETED, CREATED_AT) VALUES( 'Crusader {{random:1,5}}', false, 100, false, now() );
INSERT INTO RESPONSES(TEXT, RECENT_USE_INDICATOR, PROBABILITY, DELETED, CREATED_AT) VALUES( 'Archon {{random:1,5}}', false, 100, false, now() );
INSERT INTO RESPONSES(TEXT, RECENT_USE_INDICATOR, PROBABILITY, DELETED, CREATED_AT) VALUES( 'Legend {{random:1,5}}', false, 100, false, now() );
INSERT INTO RESPONSES(TEXT, RECENT_USE_INDICATOR, PROBABILITY, DELETED, CREATED_AT) VALUES( 'Ancient {{random:1,5}}', false, 100, false, now() );
INSERT INTO RESPONSES(TEXT, RECENT_USE_INDICATOR, PROBABILITY, DELETED, CREATED_AT) VALUES( 'Divine {{random:1,5}}', false, 100, false, now() );
INSERT INTO RESPONSES(TEXT, RECENT_USE_INDICATOR, PROBABILITY, DELETED, CREATED_AT) VALUES( 'rank {{random:0,2000}} Immortal', false, 100, false, now() );
INSERT INTO RESPONSES(TEXT, RECENT_USE_INDICATOR, PROBABILITY, DELETED, CREATED_AT) VALUES( '<:Bruh:522232295307083777>', false, 100, false, now() );
INSERT INTO RESPONSES(TEXT, RECENT_USE_INDICATOR, PROBABILITY, DELETED, CREATED_AT) VALUES( 'It is certain.', false, 100, false, now() );
INSERT INTO RESPONSES(TEXT, RECENT_USE_INDICATOR, PROBABILITY, DELETED, CREATED_AT) VALUES( 'It is decidedly so.', false, 100, false, now() );
INSERT INTO RESPONSES(TEXT, RECENT_USE_INDICATOR, PROBABILITY, DELETED, CREATED_AT) VALUES( 'Without a doubt.', false, 100, false, now() );
INSERT INTO RESPONSES(TEXT, RECENT_USE_INDICATOR, PROBABILITY, DELETED, CREATED_AT) VALUES( 'Yes - definitely.', false, 100, false, now() );
INSERT INTO RESPONSES(TEXT, RECENT_USE_INDICATOR, PROBABILITY, DELETED, CREATED_AT) VALUES( 'You may rely on it.', false, 100, false, now() );
INSERT INTO RESPONSES(TEXT, RECENT_USE_INDICATOR, PROBABILITY, DELETED, CREATED_AT) VALUES( ' As I see it, yes.', false, 100, false, now() );
INSERT INTO RESPONSES(TEXT, RECENT_USE_INDICATOR, PROBABILITY, DELETED, CREATED_AT) VALUES( 'Most likely.', false, 100, false, now() );
INSERT INTO RESPONSES(TEXT, RECENT_USE_INDICATOR, PROBABILITY, DELETED, CREATED_AT) VALUES( 'Outlook good.', false, 100, false, now() );
INSERT INTO RESPONSES(TEXT, RECENT_USE_INDICATOR, PROBABILITY, DELETED, CREATED_AT) VALUES( 'Yes.', false, 100, false, now() );
INSERT INTO RESPONSES(TEXT, RECENT_USE_INDICATOR, PROBABILITY, DELETED, CREATED_AT) VALUES( 'Signs point to yes.', false, 100, false, now() );
INSERT INTO RESPONSES(TEXT, RECENT_USE_INDICATOR, PROBABILITY, DELETED, CREATED_AT) VALUES( 'Don''t count on it.', false, 100, false, now() );
INSERT INTO RESPONSES(TEXT, RECENT_USE_INDICATOR, PROBABILITY, DELETED, CREATED_AT) VALUES( 'My reply is no.', false, 100, false, now() );
INSERT INTO RESPONSES(TEXT, RECENT_USE_INDICATOR, PROBABILITY, DELETED, CREATED_AT) VALUES( 'My sources say no.', false, 100, false, now() );
INSERT INTO RESPONSES(TEXT, RECENT_USE_INDICATOR, PROBABILITY, DELETED, CREATED_AT) VALUES( 'Outlook not so good.', false, 100, false, now() );
INSERT INTO RESPONSES(TEXT, RECENT_USE_INDICATOR, PROBABILITY, DELETED, CREATED_AT) VALUES( 'Very doubtful.', false, 100, false, now() );
INSERT INTO RESPONSES(TEXT, RECENT_USE_INDICATOR, PROBABILITY, DELETED, CREATED_AT) VALUES( 'Bitch I got eight balls.', false, 100, false, now() );
INSERT INTO RESPONSES(TEXT, RECENT_USE_INDICATOR, PROBABILITY, DELETED, CREATED_AT) VALUES( '我最爱的宝贝', false, 100, false, now() );
INSERT INTO RESPONSES(TEXT, RECENT_USE_INDICATOR, PROBABILITY, DELETED, CREATED_AT) VALUES( 'As likely as me winning mid against Lord Forn', false, 100, false, now() );
INSERT INTO RESPONSES(TEXT, RECENT_USE_INDICATOR, PROBABILITY, DELETED, CREATED_AT) VALUES( 'Your medal is going to increase', false, 100, false, now() );
INSERT INTO RESPONSES(TEXT, RECENT_USE_INDICATOR, PROBABILITY, DELETED, CREATED_AT) VALUES( 'Your party mmr will go up', false, 100, false, now() );
INSERT INTO RESPONSES(TEXT, RECENT_USE_INDICATOR, PROBABILITY, DELETED, CREATED_AT) VALUES( 'Your solo mmr will go down', false, 100, false, now() );
INSERT INTO RESPONSES(TEXT, RECENT_USE_INDICATOR, PROBABILITY, DELETED, CREATED_AT) VALUES( 'You will marry a professional gamer', false, 100, false, now() );
INSERT INTO RESPONSES(TEXT, RECENT_USE_INDICATOR, PROBABILITY, DELETED, CREATED_AT) VALUES( 'You are going to lose against me in the mid lane', false, 100, false, now() );
INSERT INTO RESPONSES(TEXT, RECENT_USE_INDICATOR, PROBABILITY, DELETED, CREATED_AT) VALUES( 'You will win RD2L mini with Autoattacks', false, 100, false, now() );
INSERT INTO RESPONSES(TEXT, RECENT_USE_INDICATOR, PROBABILITY, DELETED, CREATED_AT) VALUES( 'You are going to be banned from RD2L', false, 100, false, now() );
INSERT INTO RESPONSES(TEXT, RECENT_USE_INDICATOR, PROBABILITY, DELETED, CREATED_AT) VALUES( 'You will delete this discord at midnight', false, 100, false, now() );
INSERT INTO RESPONSES(TEXT, RECENT_USE_INDICATOR, PROBABILITY, DELETED, CREATED_AT) VALUES( 'There are China stacks in your future', false, 100, false, now() );
INSERT INTO RESPONSES(TEXT, RECENT_USE_INDICATOR, PROBABILITY, DELETED, CREATED_AT) VALUES( 'You will watch an anime together with Riles', false, 100, false, now() );
INSERT INTO RESPONSES(TEXT, RECENT_USE_INDICATOR, PROBABILITY, DELETED, CREATED_AT) VALUES( 'A dota player you meet at a LAN will steal your family and worldly possessions. There is nothing you can do about this man.', false, 100, false, now() );
INSERT INTO RESPONSES(TEXT, RECENT_USE_INDICATOR, PROBABILITY, DELETED, CREATED_AT) VALUES( 'There is a wholesome game of Dota 2 in your future', false, 100, false, now() );
INSERT INTO RESPONSES(TEXT, RECENT_USE_INDICATOR, PROBABILITY, DELETED, CREATED_AT) VALUES( 'You will become a professional Artifact player', false, 100, false, now() );

INSERT INTO SCRIPTS_RESPONSES(SCRIPTS_ID, RESPONSES_ID) VALUES (101, 1);
INSERT INTO SCRIPTS_RESPONSES(SCRIPTS_ID, RESPONSES_ID) VALUES (101, 2);
INSERT INTO SCRIPTS_RESPONSES(SCRIPTS_ID, RESPONSES_ID) VALUES (101, 3);
INSERT INTO SCRIPTS_RESPONSES(SCRIPTS_ID, RESPONSES_ID) VALUES (101, 4);
INSERT INTO SCRIPTS_RESPONSES(SCRIPTS_ID, RESPONSES_ID) VALUES (101, 5);
INSERT INTO SCRIPTS_RESPONSES(SCRIPTS_ID, RESPONSES_ID) VALUES (101, 6);
INSERT INTO SCRIPTS_RESPONSES(SCRIPTS_ID, RESPONSES_ID) VALUES (101, 7);
INSERT INTO SCRIPTS_RESPONSES(SCRIPTS_ID, RESPONSES_ID) VALUES (101, 8);
INSERT INTO SCRIPTS_RESPONSES(SCRIPTS_ID, RESPONSES_ID) VALUES (101, 9);
INSERT INTO SCRIPTS_RESPONSES(SCRIPTS_ID, RESPONSES_ID) VALUES (101, 10);
INSERT INTO SCRIPTS_RESPONSES(SCRIPTS_ID, RESPONSES_ID) VALUES (101, 11);
INSERT INTO SCRIPTS_RESPONSES(SCRIPTS_ID, RESPONSES_ID) VALUES (101, 12);
INSERT INTO SCRIPTS_RESPONSES(SCRIPTS_ID, RESPONSES_ID) VALUES (101, 13);
INSERT INTO SCRIPTS_RESPONSES(SCRIPTS_ID, RESPONSES_ID) VALUES (101, 14);
INSERT INTO SCRIPTS_RESPONSES(SCRIPTS_ID, RESPONSES_ID) VALUES (101, 15);
INSERT INTO SCRIPTS_RESPONSES(SCRIPTS_ID, RESPONSES_ID) VALUES (101, 16);
INSERT INTO SCRIPTS_RESPONSES(SCRIPTS_ID, RESPONSES_ID) VALUES (101, 17);
INSERT INTO SCRIPTS_RESPONSES(SCRIPTS_ID, RESPONSES_ID) VALUES (101, 18);
INSERT INTO SCRIPTS_RESPONSES(SCRIPTS_ID, RESPONSES_ID) VALUES (101, 19);
INSERT INTO SCRIPTS_RESPONSES(SCRIPTS_ID, RESPONSES_ID) VALUES (101, 20);
INSERT INTO SCRIPTS_RESPONSES(SCRIPTS_ID, RESPONSES_ID) VALUES (101, 21);
INSERT INTO SCRIPTS_RESPONSES(SCRIPTS_ID, RESPONSES_ID) VALUES (101, 22);
INSERT INTO SCRIPTS_RESPONSES(SCRIPTS_ID, RESPONSES_ID) VALUES (101, 23);
INSERT INTO SCRIPTS_RESPONSES(SCRIPTS_ID, RESPONSES_ID) VALUES (101, 24);
INSERT INTO SCRIPTS_RESPONSES(SCRIPTS_ID, RESPONSES_ID) VALUES (101, 25);
INSERT INTO SCRIPTS_RESPONSES(SCRIPTS_ID, RESPONSES_ID) VALUES (101, 26);
INSERT INTO SCRIPTS_RESPONSES(SCRIPTS_ID, RESPONSES_ID) VALUES (101, 27);
INSERT INTO SCRIPTS_RESPONSES(SCRIPTS_ID, RESPONSES_ID) VALUES (101, 28);
INSERT INTO SCRIPTS_RESPONSES(SCRIPTS_ID, RESPONSES_ID) VALUES (101, 29);
INSERT INTO SCRIPTS_RESPONSES(SCRIPTS_ID, RESPONSES_ID) VALUES (101, 30);
INSERT INTO SCRIPTS_RESPONSES(SCRIPTS_ID, RESPONSES_ID) VALUES (101, 31);
INSERT INTO SCRIPTS_RESPONSES(SCRIPTS_ID, RESPONSES_ID) VALUES (101, 32);
INSERT INTO SCRIPTS_RESPONSES(SCRIPTS_ID, RESPONSES_ID) VALUES (101, 33);
INSERT INTO SCRIPTS_RESPONSES(SCRIPTS_ID, RESPONSES_ID) VALUES (101, 34);
INSERT INTO SCRIPTS_RESPONSES(SCRIPTS_ID, RESPONSES_ID) VALUES (101, 35);
INSERT INTO SCRIPTS_RESPONSES(SCRIPTS_ID, RESPONSES_ID) VALUES (101, 36);
INSERT INTO SCRIPTS_RESPONSES(SCRIPTS_ID, RESPONSES_ID) VALUES (101, 37);
INSERT INTO SCRIPTS_RESPONSES(SCRIPTS_ID, RESPONSES_ID) VALUES (101, 38);
INSERT INTO SCRIPTS_RESPONSES(SCRIPTS_ID, RESPONSES_ID) VALUES (101, 39);
INSERT INTO SCRIPTS_RESPONSES(SCRIPTS_ID, RESPONSES_ID) VALUES (101, 40);
INSERT INTO SCRIPTS_RESPONSES(SCRIPTS_ID, RESPONSES_ID) VALUES (101, 41);
INSERT INTO SCRIPTS_RESPONSES(SCRIPTS_ID, RESPONSES_ID) VALUES (101, 42);
INSERT INTO SCRIPTS_RESPONSES(SCRIPTS_ID, RESPONSES_ID) VALUES (101, 43);
INSERT INTO SCRIPTS_RESPONSES(SCRIPTS_ID, RESPONSES_ID) VALUES (101, 44);
INSERT INTO SCRIPTS_RESPONSES(SCRIPTS_ID, RESPONSES_ID) VALUES (101, 45);
INSERT INTO SCRIPTS_RESPONSES(SCRIPTS_ID, RESPONSES_ID) VALUES (101, 46);
INSERT INTO SCRIPTS_RESPONSES(SCRIPTS_ID, RESPONSES_ID) VALUES (101, 47);
INSERT INTO SCRIPTS_RESPONSES(SCRIPTS_ID, RESPONSES_ID) VALUES (101, 48);
INSERT INTO SCRIPTS_RESPONSES(SCRIPTS_ID, RESPONSES_ID) VALUES (101, 49);
INSERT INTO SCRIPTS_RESPONSES(SCRIPTS_ID, RESPONSES_ID) VALUES (101, 50);
INSERT INTO SCRIPTS_RESPONSES(SCRIPTS_ID, RESPONSES_ID) VALUES (101, 51);
INSERT INTO SCRIPTS_RESPONSES(SCRIPTS_ID, RESPONSES_ID) VALUES (101, 52);
INSERT INTO SCRIPTS_RESPONSES(SCRIPTS_ID, RESPONSES_ID) VALUES (101, 53);
INSERT INTO SCRIPTS_RESPONSES(SCRIPTS_ID, RESPONSES_ID) VALUES (101, 54);
INSERT INTO SCRIPTS_RESPONSES(SCRIPTS_ID, RESPONSES_ID) VALUES (101, 55);
INSERT INTO SCRIPTS_RESPONSES(SCRIPTS_ID, RESPONSES_ID) VALUES (101, 56);
INSERT INTO SCRIPTS_RESPONSES(SCRIPTS_ID, RESPONSES_ID) VALUES (101, 57);
INSERT INTO SCRIPTS_RESPONSES(SCRIPTS_ID, RESPONSES_ID) VALUES (101, 58);
INSERT INTO SCRIPTS_RESPONSES(SCRIPTS_ID, RESPONSES_ID) VALUES (101, 59);
INSERT INTO SCRIPTS_RESPONSES(SCRIPTS_ID, RESPONSES_ID) VALUES (101, 60);
INSERT INTO SCRIPTS_RESPONSES(SCRIPTS_ID, RESPONSES_ID) VALUES (101, 61);
INSERT INTO SCRIPTS_RESPONSES(SCRIPTS_ID, RESPONSES_ID) VALUES (101, 62);
INSERT INTO SCRIPTS_RESPONSES(SCRIPTS_ID, RESPONSES_ID) VALUES (101, 63);
INSERT INTO SCRIPTS_RESPONSES(SCRIPTS_ID, RESPONSES_ID) VALUES (102, 64);
INSERT INTO SCRIPTS_RESPONSES(SCRIPTS_ID, RESPONSES_ID) VALUES (102, 65);
INSERT INTO SCRIPTS_RESPONSES(SCRIPTS_ID, RESPONSES_ID) VALUES (103, 66);
INSERT INTO SCRIPTS_RESPONSES(SCRIPTS_ID, RESPONSES_ID) VALUES (103, 67);
INSERT INTO SCRIPTS_RESPONSES(SCRIPTS_ID, RESPONSES_ID) VALUES (103, 68);
INSERT INTO SCRIPTS_RESPONSES(SCRIPTS_ID, RESPONSES_ID) VALUES (103, 69);
INSERT INTO SCRIPTS_RESPONSES(SCRIPTS_ID, RESPONSES_ID) VALUES (103, 70);
INSERT INTO SCRIPTS_RESPONSES(SCRIPTS_ID, RESPONSES_ID) VALUES (103, 71);
INSERT INTO SCRIPTS_RESPONSES(SCRIPTS_ID, RESPONSES_ID) VALUES (103, 72);
INSERT INTO SCRIPTS_RESPONSES(SCRIPTS_ID, RESPONSES_ID) VALUES (103, 73);
INSERT INTO SCRIPTS_RESPONSES(SCRIPTS_ID, RESPONSES_ID) VALUES (103, 74);
INSERT INTO SCRIPTS_RESPONSES(SCRIPTS_ID, RESPONSES_ID) VALUES (103, 75);
INSERT INTO SCRIPTS_RESPONSES(SCRIPTS_ID, RESPONSES_ID) VALUES (103, 76);
INSERT INTO SCRIPTS_RESPONSES(SCRIPTS_ID, RESPONSES_ID) VALUES (103, 77);
INSERT INTO SCRIPTS_RESPONSES(SCRIPTS_ID, RESPONSES_ID) VALUES (103, 78);
INSERT INTO SCRIPTS_RESPONSES(SCRIPTS_ID, RESPONSES_ID) VALUES (104, 79);
INSERT INTO SCRIPTS_RESPONSES(SCRIPTS_ID, RESPONSES_ID) VALUES (105, 80);
INSERT INTO SCRIPTS_RESPONSES(SCRIPTS_ID, RESPONSES_ID) VALUES (105, 81);
INSERT INTO SCRIPTS_RESPONSES(SCRIPTS_ID, RESPONSES_ID) VALUES (105, 82);
INSERT INTO SCRIPTS_RESPONSES(SCRIPTS_ID, RESPONSES_ID) VALUES (105, 83);
INSERT INTO SCRIPTS_RESPONSES(SCRIPTS_ID, RESPONSES_ID) VALUES (105, 84);
INSERT INTO SCRIPTS_RESPONSES(SCRIPTS_ID, RESPONSES_ID) VALUES (105, 85);
INSERT INTO SCRIPTS_RESPONSES(SCRIPTS_ID, RESPONSES_ID) VALUES (105, 86);
INSERT INTO SCRIPTS_RESPONSES(SCRIPTS_ID, RESPONSES_ID) VALUES (105, 87);
INSERT INTO SCRIPTS_RESPONSES(SCRIPTS_ID, RESPONSES_ID) VALUES (105, 88);
INSERT INTO SCRIPTS_RESPONSES(SCRIPTS_ID, RESPONSES_ID) VALUES (105, 89);
INSERT INTO SCRIPTS_RESPONSES(SCRIPTS_ID, RESPONSES_ID) VALUES (105, 90);
INSERT INTO SCRIPTS_RESPONSES(SCRIPTS_ID, RESPONSES_ID) VALUES (105, 91);
INSERT INTO SCRIPTS_RESPONSES(SCRIPTS_ID, RESPONSES_ID) VALUES (105, 92);
INSERT INTO SCRIPTS_RESPONSES(SCRIPTS_ID, RESPONSES_ID) VALUES (105, 93);
INSERT INTO SCRIPTS_RESPONSES(SCRIPTS_ID, RESPONSES_ID) VALUES (105, 94);
INSERT INTO SCRIPTS_RESPONSES(SCRIPTS_ID, RESPONSES_ID) VALUES (105, 95);
INSERT INTO SCRIPTS_RESPONSES(SCRIPTS_ID, RESPONSES_ID) VALUES (105, 96);
INSERT INTO SCRIPTS_RESPONSES(SCRIPTS_ID, RESPONSES_ID) VALUES (105, 97);
INSERT INTO SCRIPTS_RESPONSES(SCRIPTS_ID, RESPONSES_ID) VALUES (106, 98);
INSERT INTO SCRIPTS_RESPONSES(SCRIPTS_ID, RESPONSES_ID) VALUES (106, 99);
INSERT INTO SCRIPTS_RESPONSES(SCRIPTS_ID, RESPONSES_ID) VALUES (106, 100);
INSERT INTO SCRIPTS_RESPONSES(SCRIPTS_ID, RESPONSES_ID) VALUES (106, 101);
INSERT INTO SCRIPTS_RESPONSES(SCRIPTS_ID, RESPONSES_ID) VALUES (106, 102);
INSERT INTO SCRIPTS_RESPONSES(SCRIPTS_ID, RESPONSES_ID) VALUES (106, 103);
INSERT INTO SCRIPTS_RESPONSES(SCRIPTS_ID, RESPONSES_ID) VALUES (106, 104);
INSERT INTO SCRIPTS_RESPONSES(SCRIPTS_ID, RESPONSES_ID) VALUES (106, 105);
INSERT INTO SCRIPTS_RESPONSES(SCRIPTS_ID, RESPONSES_ID) VALUES (106, 106);
INSERT INTO SCRIPTS_RESPONSES(SCRIPTS_ID, RESPONSES_ID) VALUES (106, 107);
INSERT INTO SCRIPTS_RESPONSES(SCRIPTS_ID, RESPONSES_ID) VALUES (106, 108);
INSERT INTO SCRIPTS_RESPONSES(SCRIPTS_ID, RESPONSES_ID) VALUES (106, 109);
INSERT INTO SCRIPTS_RESPONSES(SCRIPTS_ID, RESPONSES_ID) VALUES (106, 110);

INSERT INTO TRIGGERS_RESPONSES(TRIGGERS_ID, RESPONSES_ID) VALUES (1, 1);
INSERT INTO TRIGGERS_RESPONSES(TRIGGERS_ID, RESPONSES_ID) VALUES (1, 2);
INSERT INTO TRIGGERS_RESPONSES(TRIGGERS_ID, RESPONSES_ID) VALUES (1, 3);
INSERT INTO TRIGGERS_RESPONSES(TRIGGERS_ID, RESPONSES_ID) VALUES (1, 4);
INSERT INTO TRIGGERS_RESPONSES(TRIGGERS_ID, RESPONSES_ID) VALUES (1, 5);
INSERT INTO TRIGGERS_RESPONSES(TRIGGERS_ID, RESPONSES_ID) VALUES (1, 6);
INSERT INTO TRIGGERS_RESPONSES(TRIGGERS_ID, RESPONSES_ID) VALUES (1, 7);
INSERT INTO TRIGGERS_RESPONSES(TRIGGERS_ID, RESPONSES_ID) VALUES (1, 8);
INSERT INTO TRIGGERS_RESPONSES(TRIGGERS_ID, RESPONSES_ID) VALUES (1, 9);
INSERT INTO TRIGGERS_RESPONSES(TRIGGERS_ID, RESPONSES_ID) VALUES (1, 10);
INSERT INTO TRIGGERS_RESPONSES(TRIGGERS_ID, RESPONSES_ID) VALUES (1, 11);
INSERT INTO TRIGGERS_RESPONSES(TRIGGERS_ID, RESPONSES_ID) VALUES (1, 12);
INSERT INTO TRIGGERS_RESPONSES(TRIGGERS_ID, RESPONSES_ID) VALUES (1, 13);
INSERT INTO TRIGGERS_RESPONSES(TRIGGERS_ID, RESPONSES_ID) VALUES (1, 14);
INSERT INTO TRIGGERS_RESPONSES(TRIGGERS_ID, RESPONSES_ID) VALUES (1, 15);
INSERT INTO TRIGGERS_RESPONSES(TRIGGERS_ID, RESPONSES_ID) VALUES (1, 16);
INSERT INTO TRIGGERS_RESPONSES(TRIGGERS_ID, RESPONSES_ID) VALUES (1, 17);
INSERT INTO TRIGGERS_RESPONSES(TRIGGERS_ID, RESPONSES_ID) VALUES (1, 18);
INSERT INTO TRIGGERS_RESPONSES(TRIGGERS_ID, RESPONSES_ID) VALUES (1, 19);
INSERT INTO TRIGGERS_RESPONSES(TRIGGERS_ID, RESPONSES_ID) VALUES (1, 20);
INSERT INTO TRIGGERS_RESPONSES(TRIGGERS_ID, RESPONSES_ID) VALUES (1, 21);
INSERT INTO TRIGGERS_RESPONSES(TRIGGERS_ID, RESPONSES_ID) VALUES (1, 22);
INSERT INTO TRIGGERS_RESPONSES(TRIGGERS_ID, RESPONSES_ID) VALUES (1, 23);
INSERT INTO TRIGGERS_RESPONSES(TRIGGERS_ID, RESPONSES_ID) VALUES (1, 24);
INSERT INTO TRIGGERS_RESPONSES(TRIGGERS_ID, RESPONSES_ID) VALUES (1, 25);
INSERT INTO TRIGGERS_RESPONSES(TRIGGERS_ID, RESPONSES_ID) VALUES (1, 26);
INSERT INTO TRIGGERS_RESPONSES(TRIGGERS_ID, RESPONSES_ID) VALUES (1, 27);
INSERT INTO TRIGGERS_RESPONSES(TRIGGERS_ID, RESPONSES_ID) VALUES (1, 28);
INSERT INTO TRIGGERS_RESPONSES(TRIGGERS_ID, RESPONSES_ID) VALUES (1, 29);
INSERT INTO TRIGGERS_RESPONSES(TRIGGERS_ID, RESPONSES_ID) VALUES (1, 30);
INSERT INTO TRIGGERS_RESPONSES(TRIGGERS_ID, RESPONSES_ID) VALUES (1, 31);
INSERT INTO TRIGGERS_RESPONSES(TRIGGERS_ID, RESPONSES_ID) VALUES (1, 32);
INSERT INTO TRIGGERS_RESPONSES(TRIGGERS_ID, RESPONSES_ID) VALUES (1, 33);
INSERT INTO TRIGGERS_RESPONSES(TRIGGERS_ID, RESPONSES_ID) VALUES (1, 34);
INSERT INTO TRIGGERS_RESPONSES(TRIGGERS_ID, RESPONSES_ID) VALUES (1, 35);
INSERT INTO TRIGGERS_RESPONSES(TRIGGERS_ID, RESPONSES_ID) VALUES (1, 36);
INSERT INTO TRIGGERS_RESPONSES(TRIGGERS_ID, RESPONSES_ID) VALUES (1, 37);
INSERT INTO TRIGGERS_RESPONSES(TRIGGERS_ID, RESPONSES_ID) VALUES (1, 38);
INSERT INTO TRIGGERS_RESPONSES(TRIGGERS_ID, RESPONSES_ID) VALUES (1, 39);
INSERT INTO TRIGGERS_RESPONSES(TRIGGERS_ID, RESPONSES_ID) VALUES (1, 40);
INSERT INTO TRIGGERS_RESPONSES(TRIGGERS_ID, RESPONSES_ID) VALUES (1, 41);
INSERT INTO TRIGGERS_RESPONSES(TRIGGERS_ID, RESPONSES_ID) VALUES (1, 42);
INSERT INTO TRIGGERS_RESPONSES(TRIGGERS_ID, RESPONSES_ID) VALUES (1, 43);
INSERT INTO TRIGGERS_RESPONSES(TRIGGERS_ID, RESPONSES_ID) VALUES (1, 44);
INSERT INTO TRIGGERS_RESPONSES(TRIGGERS_ID, RESPONSES_ID) VALUES (1, 45);
INSERT INTO TRIGGERS_RESPONSES(TRIGGERS_ID, RESPONSES_ID) VALUES (1, 46);
INSERT INTO TRIGGERS_RESPONSES(TRIGGERS_ID, RESPONSES_ID) VALUES (1, 47);
INSERT INTO TRIGGERS_RESPONSES(TRIGGERS_ID, RESPONSES_ID) VALUES (1, 48);
INSERT INTO TRIGGERS_RESPONSES(TRIGGERS_ID, RESPONSES_ID) VALUES (1, 49);
INSERT INTO TRIGGERS_RESPONSES(TRIGGERS_ID, RESPONSES_ID) VALUES (1, 50);
INSERT INTO TRIGGERS_RESPONSES(TRIGGERS_ID, RESPONSES_ID) VALUES (1, 51);
INSERT INTO TRIGGERS_RESPONSES(TRIGGERS_ID, RESPONSES_ID) VALUES (1, 52);
INSERT INTO TRIGGERS_RESPONSES(TRIGGERS_ID, RESPONSES_ID) VALUES (1, 53);
INSERT INTO TRIGGERS_RESPONSES(TRIGGERS_ID, RESPONSES_ID) VALUES (1, 54);
INSERT INTO TRIGGERS_RESPONSES(TRIGGERS_ID, RESPONSES_ID) VALUES (1, 55);
INSERT INTO TRIGGERS_RESPONSES(TRIGGERS_ID, RESPONSES_ID) VALUES (1, 56);
INSERT INTO TRIGGERS_RESPONSES(TRIGGERS_ID, RESPONSES_ID) VALUES (1, 57);
INSERT INTO TRIGGERS_RESPONSES(TRIGGERS_ID, RESPONSES_ID) VALUES (1, 58);
INSERT INTO TRIGGERS_RESPONSES(TRIGGERS_ID, RESPONSES_ID) VALUES (1, 59);
INSERT INTO TRIGGERS_RESPONSES(TRIGGERS_ID, RESPONSES_ID) VALUES (1, 60);
INSERT INTO TRIGGERS_RESPONSES(TRIGGERS_ID, RESPONSES_ID) VALUES (1, 61);
INSERT INTO TRIGGERS_RESPONSES(TRIGGERS_ID, RESPONSES_ID) VALUES (1, 62);
INSERT INTO TRIGGERS_RESPONSES(TRIGGERS_ID, RESPONSES_ID) VALUES (1, 63);
INSERT INTO TRIGGERS_RESPONSES(TRIGGERS_ID, RESPONSES_ID) VALUES (2, 64);
INSERT INTO TRIGGERS_RESPONSES(TRIGGERS_ID, RESPONSES_ID) VALUES (2, 65);
INSERT INTO TRIGGERS_RESPONSES(TRIGGERS_ID, RESPONSES_ID) VALUES (3, 66);
INSERT INTO TRIGGERS_RESPONSES(TRIGGERS_ID, RESPONSES_ID) VALUES (3, 67);
INSERT INTO TRIGGERS_RESPONSES(TRIGGERS_ID, RESPONSES_ID) VALUES (3, 68);
INSERT INTO TRIGGERS_RESPONSES(TRIGGERS_ID, RESPONSES_ID) VALUES (3, 69);
INSERT INTO TRIGGERS_RESPONSES(TRIGGERS_ID, RESPONSES_ID) VALUES (3, 70);
INSERT INTO TRIGGERS_RESPONSES(TRIGGERS_ID, RESPONSES_ID) VALUES (3, 71);
INSERT INTO TRIGGERS_RESPONSES(TRIGGERS_ID, RESPONSES_ID) VALUES (3, 72);
INSERT INTO TRIGGERS_RESPONSES(TRIGGERS_ID, RESPONSES_ID) VALUES (3, 73);
INSERT INTO TRIGGERS_RESPONSES(TRIGGERS_ID, RESPONSES_ID) VALUES (3, 74);
INSERT INTO TRIGGERS_RESPONSES(TRIGGERS_ID, RESPONSES_ID) VALUES (3, 75);
INSERT INTO TRIGGERS_RESPONSES(TRIGGERS_ID, RESPONSES_ID) VALUES (3, 76);
INSERT INTO TRIGGERS_RESPONSES(TRIGGERS_ID, RESPONSES_ID) VALUES (3, 77);
INSERT INTO TRIGGERS_RESPONSES(TRIGGERS_ID, RESPONSES_ID) VALUES (3, 78);
INSERT INTO TRIGGERS_RESPONSES(TRIGGERS_ID, RESPONSES_ID) VALUES (4, 79);
INSERT INTO TRIGGERS_RESPONSES(TRIGGERS_ID, RESPONSES_ID) VALUES (5, 80);
INSERT INTO TRIGGERS_RESPONSES(TRIGGERS_ID, RESPONSES_ID) VALUES (5, 81);
INSERT INTO TRIGGERS_RESPONSES(TRIGGERS_ID, RESPONSES_ID) VALUES (5, 82);
INSERT INTO TRIGGERS_RESPONSES(TRIGGERS_ID, RESPONSES_ID) VALUES (5, 83);
INSERT INTO TRIGGERS_RESPONSES(TRIGGERS_ID, RESPONSES_ID) VALUES (5, 84);
INSERT INTO TRIGGERS_RESPONSES(TRIGGERS_ID, RESPONSES_ID) VALUES (5, 85);
INSERT INTO TRIGGERS_RESPONSES(TRIGGERS_ID, RESPONSES_ID) VALUES (5, 86);
INSERT INTO TRIGGERS_RESPONSES(TRIGGERS_ID, RESPONSES_ID) VALUES (5, 87);
INSERT INTO TRIGGERS_RESPONSES(TRIGGERS_ID, RESPONSES_ID) VALUES (5, 88);
INSERT INTO TRIGGERS_RESPONSES(TRIGGERS_ID, RESPONSES_ID) VALUES (5, 89);
INSERT INTO TRIGGERS_RESPONSES(TRIGGERS_ID, RESPONSES_ID) VALUES (5, 90);
INSERT INTO TRIGGERS_RESPONSES(TRIGGERS_ID, RESPONSES_ID) VALUES (5, 91);
INSERT INTO TRIGGERS_RESPONSES(TRIGGERS_ID, RESPONSES_ID) VALUES (5, 92);
INSERT INTO TRIGGERS_RESPONSES(TRIGGERS_ID, RESPONSES_ID) VALUES (5, 93);
INSERT INTO TRIGGERS_RESPONSES(TRIGGERS_ID, RESPONSES_ID) VALUES (5, 94);
INSERT INTO TRIGGERS_RESPONSES(TRIGGERS_ID, RESPONSES_ID) VALUES (5, 95);
INSERT INTO TRIGGERS_RESPONSES(TRIGGERS_ID, RESPONSES_ID) VALUES (5, 96);
INSERT INTO TRIGGERS_RESPONSES(TRIGGERS_ID, RESPONSES_ID) VALUES (5, 97);
INSERT INTO TRIGGERS_RESPONSES(TRIGGERS_ID, RESPONSES_ID) VALUES (6, 98);
INSERT INTO TRIGGERS_RESPONSES(TRIGGERS_ID, RESPONSES_ID) VALUES (6, 99);
INSERT INTO TRIGGERS_RESPONSES(TRIGGERS_ID, RESPONSES_ID) VALUES (6, 100);
INSERT INTO TRIGGERS_RESPONSES(TRIGGERS_ID, RESPONSES_ID) VALUES (6, 101);
INSERT INTO TRIGGERS_RESPONSES(TRIGGERS_ID, RESPONSES_ID) VALUES (6, 102);
INSERT INTO TRIGGERS_RESPONSES(TRIGGERS_ID, RESPONSES_ID) VALUES (6, 103);
INSERT INTO TRIGGERS_RESPONSES(TRIGGERS_ID, RESPONSES_ID) VALUES (6, 104);
INSERT INTO TRIGGERS_RESPONSES(TRIGGERS_ID, RESPONSES_ID) VALUES (6, 105);
INSERT INTO TRIGGERS_RESPONSES(TRIGGERS_ID, RESPONSES_ID) VALUES (6, 106);
INSERT INTO TRIGGERS_RESPONSES(TRIGGERS_ID, RESPONSES_ID) VALUES (6, 107);
INSERT INTO TRIGGERS_RESPONSES(TRIGGERS_ID, RESPONSES_ID) VALUES (6, 108);
INSERT INTO TRIGGERS_RESPONSES(TRIGGERS_ID, RESPONSES_ID) VALUES (6, 109);
INSERT INTO TRIGGERS_RESPONSES(TRIGGERS_ID, RESPONSES_ID) VALUES (6, 110);
